ID,Lat,Lng,District,County,Fwy,Lanes,Type,Direction,ID2
1204198,33.40516,-117.597992,12,Orange,I5-N,4,Mainline,N,7647
1204211,33.413319,-117.6021,12,Orange,I5-N,4,Mainline,N,7648
1204230,33.420685,-117.606498,12,Orange,I5-N,4,Mainline,N,7649
1204244,33.428811,-117.611817,12,Orange,I5-N,4,Mainline,N,7650
1204255,33.432425,-117.615519,12,Orange,I5-N,4,Mainline,N,7651
1210908,33.43749,-117.619773,12,Orange,I5-N,4,Mainline,N,7652
1204268,33.440202,-117.624486,12,Orange,I5-N,4,Mainline,N,7653
1204279,33.44466,-117.630415,12,Orange,I5-N,4,Mainline,N,7654
1213215,33.445434,-117.631445,12,Orange,I5-N,4,Mainline,N,7655
1221232,33.450411,-117.639897,12,Orange,I5-N,4,Mainline,N,7656
1204301,33.455773,-117.650183,12,Orange,I5-N,4,Mainline,N,7657
1204316,33.458342,-117.655008,12,Orange,I5-N,4,Mainline,N,7658
1204328,33.459637,-117.657305,12,Orange,I5-N,5,Mainline,N,7659
1204340,33.464404,-117.665509,12,Orange,I5-N,4,Mainline,N,7660
1204372,33.468032,-117.671714,12,Orange,I5-N,4,Mainline,N,7661
1204384,33.475073,-117.674271,12,Orange,I5-N,4,Mainline,N,7662
1204395,33.481685,-117.669596,12,Orange,I5-N,4,Mainline,N,7663
1204409,33.489561,-117.663255,12,Orange,I5-N,4,Mainline,N,7664
1210926,33.495938,-117.659127,12,Orange,I5-N,4,Mainline,N,7665
1220030,33.503442,-117.658516,12,Orange,I5-N,4,Mainline,N,7666
1204422,33.503727,-117.658585,12,Orange,I5-N,4,Mainline,N,7667
1210974,33.50939,-117.660803,12,Orange,I5-N,5,Mainline,N,7668
1210991,33.513534,-117.662568,12,Orange,I5-N,5,Mainline,N,7669
1204436,33.52247,-117.666382,12,Orange,I5-N,5,Mainline,N,7670
1204447,33.526621,-117.66866,12,Orange,I5-N,6,Mainline,N,7671
1204453,33.53247,-117.674488,12,Orange,I5-N,6,Mainline,N,7672
1211107,33.537513,-117.674416,12,Orange,I5-N,4,Mainline,N,7673
1204472,33.548817,-117.672686,12,Orange,I5-N,4,Mainline,N,7674
1204486,33.558096,-117.672848,12,Orange,I5-N,4,Mainline,N,7675
1204501,33.560549,-117.672791,12,Orange,I5-N,4,Mainline,N,7676
1213570,33.569099,-117.671844,12,Orange,I5-N,5,Mainline,N,7677
1204515,33.578849,-117.67162,12,Orange,I5-N,4,Mainline,N,7678
1204532,33.582052,-117.67157,12,Orange,I5-N,4,Mainline,N,7679
1213700,33.588603,-117.671484,12,Orange,I5-N,4,Mainline,N,7680
1204546,33.597861,-117.676059,12,Orange,I5-N,4,Mainline,N,7681
1204559,33.599252,-117.678685,12,Orange,I5-N,4,Mainline,N,7682
1204571,33.604242,-117.68984,12,Orange,I5-N,5,Mainline,N,7683
1204586,33.606025,-117.692734,12,Orange,I5-N,6,Mainline,N,7684
1213527,33.60972,-117.70083,12,Orange,I5-N,6,Mainline,N,7685
1204615,33.613883,-117.706467,12,Orange,I5-N,5,Mainline,N,7686
1204632,33.616112,-117.70901,12,Orange,I5-N,5,Mainline,N,7687
1204638,33.621929,-117.714379,12,Orange,I5-N,6,Mainline,N,7688
1204672,33.629553,-117.721491,12,Orange,I5-N,5,Mainline,N,7689
1204682,33.632102,-117.724337,12,Orange,I5-N,5,Mainline,N,7690
1204697,33.636144,-117.72806,12,Orange,I5-N,6,Mainline,N,7691
1204699,33.640323,-117.731437,12,Orange,I5-N,3,Mainline,N,7692
1204703,33.644068,-117.734444,12,Orange,I5-N,3,Mainline,N,7693
1204731,33.654371,-117.742629,12,Orange,I5-N,4,Mainline,N,7694
1204750,33.655581,-117.743597,12,Orange,I5-N,4,Mainline,N,7695
1204766,33.662274,-117.748817,12,Orange,I5-N,5,Mainline,N,7696
1204787,33.66578,-117.751722,12,Orange,I5-N,4,Mainline,N,7697
1204808,33.667646,-117.753237,12,Orange,I5-N,4,Mainline,N,7698
1204825,33.671657,-117.755266,12,Orange,I5-N,6,Mainline,N,7699
1220011,33.674367,-117.75591,12,Orange,I5-N,6,Mainline,N,7700
1204861,33.67881,-117.759083,12,Orange,I5-N,5,Mainline,N,7701
1204878,33.68378,-117.76413,12,Orange,I5-N,5,Mainline,N,7702
1204924,33.691182,-117.768954,12,Orange,I5-N,5,Mainline,N,7703
1204937,33.692068,-117.769532,12,Orange,I5-N,5,Mainline,N,7704
1204950,33.700287,-117.774934,12,Orange,I5-N,5,Mainline,N,7705
1204982,33.709761,-117.781713,12,Orange,I5-N,5,Mainline,N,7706
1205012,33.712411,-117.784619,12,Orange,I5-N,6,Mainline,N,7707
1205045,33.719297,-117.794408,12,Orange,I5-N,5,Mainline,N,7708
1205071,33.719391,-117.794541,12,Orange,I5-N,6,Mainline,N,7709
1205088,33.724394,-117.801722,12,Orange,I5-N,5,Mainline,N,7710
1205135,33.73489,-117.817068,12,Orange,I5-N,5,Mainline,N,7711
1205152,33.738115,-117.825811,12,Orange,I5-N,5,Mainline,N,7712
1205157,33.739183,-117.829214,12,Orange,I5-N,6,Mainline,N,7713
1205165,33.740283,-117.832416,12,Orange,I5-N,5,Mainline,N,7714
1205168,33.741403,-117.835585,12,Orange,I5-N,4,Mainline,N,7715
1205175,33.744413,-117.841283,12,Orange,I5-N,5,Mainline,N,7716
1205193,33.750124,-117.844061,12,Orange,I5-N,5,Mainline,N,7717
1205204,33.752049,-117.845939,12,Orange,I5-N,6,Mainline,N,7718
1205215,33.753753,-117.848788,12,Orange,I5-N,5,Mainline,N,7719
1205225,33.754689,-117.850781,12,Orange,I5-N,5,Mainline,N,7720
1205262,33.760465,-117.862379,12,Orange,I5-N,5,Mainline,N,7721
1205269,33.761599,-117.863369,12,Orange,I5-N,5,Mainline,N,7722
1205290,33.76901,-117.86784,12,Orange,I5-N,5,Mainline,N,7723
1205303,33.776455,-117.873886,12,Orange,I5-N,5,Mainline,N,7724
1205320,33.781151,-117.878226,12,Orange,I5-N,4,Mainline,N,7725
1205330,33.782039,-117.879468,12,Orange,I5-N,4,Mainline,N,7726
1205375,33.789689,-117.887536,12,Orange,I5-N,5,Mainline,N,7727
1205341,33.790771,-117.888724,12,Orange,I5-N,5,Mainline,N,7728
1205380,33.795663,-117.893833,12,Orange,I5-N,5,Mainline,N,7729
1212001,33.803764,-117.902246,12,Orange,I5-N,4,Mainline,N,7730
1205409,33.805074,-117.903814,12,Orange,I5-N,4,Mainline,N,7731
1212115,33.806644,-117.905829,12,Orange,I5-N,4,Mainline,N,7732
1212216,33.811147,-117.910643,12,Orange,I5-N,5,Mainline,N,7733
1205432,33.815354,-117.915054,12,Orange,I5-N,4,Mainline,N,7734
1205452,33.818891,-117.918657,12,Orange,I5-N,4,Mainline,N,7735
1205473,33.823323,-117.923123,12,Orange,I5-N,4,Mainline,N,7736
1205493,33.832016,-117.931513,12,Orange,I5-N,5,Mainline,N,7737
1212649,33.834815,-117.938078,12,Orange,I5-N,4,Mainline,N,7738
1205517,33.836731,-117.943038,12,Orange,I5-N,4,Mainline,N,7739
1205528,33.840124,-117.949259,12,Orange,I5-N,5,Mainline,N,7740
1212588,33.843721,-117.955716,12,Orange,I5-N,4,Mainline,N,7741
1205553,33.845442,-117.958388,12,Orange,I5-N,4,Mainline,N,7742
1205562,33.847549,-117.962444,12,Orange,I5-N,5,Mainline,N,7743
1205567,33.850294,-117.968011,12,Orange,I5-N,5,Mainline,N,7744
1205590,33.854226,-117.974766,12,Orange,I5-N,4,Mainline,N,7745
1214005,33.855211,-117.976025,12,Orange,I5-N,4,Mainline,N,7746
1205607,33.859271,-117.98503,12,Orange,I5-N,6,Mainline,N,7747
1216505,33.860615,-117.987649,12,Orange,I5-N,6,Mainline,N,7748
1205623,33.863248,-117.991902,12,Orange,I5-N,5,Mainline,N,7749
1205636,33.865195,-117.995907,12,Orange,I5-N,5,Mainline,N,7750
1205658,33.867724,-118.00058,12,Orange,I5-N,4,Mainline,N,7751
1216538,33.870031,-118.005021,12,Orange,I5-N,5,Mainline,N,7752
1205680,33.874466,-118.011177,12,Orange,I5-N,5,Mainline,N,7753
1204193,33.404943,-117.598167,12,Orange,I5-S,4,Mainline,S,7754
1210841,33.408425,-117.599923,12,Orange,I5-S,4,Mainline,S,7755
1204216,33.41325,-117.602338,12,Orange,I5-S,4,Mainline,S,7756
1210856,33.416348,-117.603827,12,Orange,I5-S,4,Mainline,S,7757
1210872,33.424652,-117.609039,12,Orange,I5-S,4,Mainline,S,7758
1210909,33.432273,-117.615724,12,Orange,I5-S,5,Mainline,S,7759
1210882,33.437336,-117.619943,12,Orange,I5-S,4,Mainline,S,7760
1204273,33.440044,-117.624646,12,Orange,I5-S,4,Mainline,S,7761
1213229,33.445303,-117.631557,12,Orange,I5-S,4,Mainline,S,7762
1221233,33.450269,-117.640023,12,Orange,I5-S,4,Mainline,S,7763
1204306,33.455612,-117.650318,12,Orange,I5-S,4,Mainline,S,7764
1210895,33.457014,-117.653153,12,Orange,I5-S,4,Mainline,S,7765
1204345,33.464281,-117.665631,12,Orange,I5-S,5,Mainline,S,7766
1204357,33.465471,-117.667379,12,Orange,I5-S,5,Mainline,S,7767
1211623,33.467211,-117.670554,12,Orange,I5-S,4,Mainline,S,7768
1211075,33.475102,-117.674584,12,Orange,I5-S,5,Mainline,S,7769
1204390,33.481738,-117.669881,12,Orange,I5-S,5,Mainline,S,7770
1204401,33.489176,-117.663917,12,Orange,I5-S,4,Mainline,S,7771
1210141,33.496001,-117.659442,12,Orange,I5-S,4,Mainline,S,7772
1204415,33.499521,-117.658583,12,Orange,I5-S,4,Mainline,S,7773
1210972,33.5093,-117.661127,12,Orange,I5-S,5,Mainline,S,7774
1210993,33.513441,-117.662905,12,Orange,I5-S,5,Mainline,S,7775
1204428,33.517588,-117.664664,12,Orange,I5-S,5,Mainline,S,7776
1204442,33.526418,-117.668912,12,Orange,I5-S,6,Mainline,S,7777
1204458,33.53231,-117.674919,12,Orange,I5-S,6,Mainline,S,7778
1211829,33.539447,-117.674695,12,Orange,I5-S,4,Mainline,S,7779
1211816,33.545217,-117.673404,12,Orange,I5-S,4,Mainline,S,7780
1204478,33.556667,-117.673131,12,Orange,I5-S,4,Mainline,S,7781
1213571,33.569098,-117.67216,12,Orange,I5-S,4,Mainline,S,7782
1204507,33.577397,-117.671983,12,Orange,I5-S,4,Mainline,S,7783
1204521,33.581316,-117.671925,12,Orange,I5-S,4,Mainline,S,7784
1213699,33.588522,-117.671829,12,Orange,I5-S,4,Mainline,S,7785
1204538,33.595354,-117.673779,12,Orange,I5-S,4,Mainline,S,7786
1204552,33.597607,-117.67615,12,Orange,I5-S,4,Mainline,S,7787
1204565,33.602645,-117.687691,12,Orange,I5-S,5,Mainline,S,7788
1204577,33.604617,-117.69087,12,Orange,I5-S,4,Mainline,S,7789
1213528,33.609505,-117.700998,12,Orange,I5-S,6,Mainline,S,7790
1204607,33.612561,-117.705361,12,Orange,I5-S,5,Mainline,S,7791
1204621,33.614654,-117.707825,12,Orange,I5-S,5,Mainline,S,7792
1204643,33.621819,-117.714838,12,Orange,I5-S,6,Mainline,S,7793
1204650,33.627286,-117.719875,12,Orange,I5-S,6,Mainline,S,7794
1204665,33.628454,-117.720919,12,Orange,I5-S,6,Mainline,S,7795
1204688,33.631989,-117.724813,12,Orange,I5-S,5,Mainline,S,7796
1204695,33.635959,-117.728446,12,Orange,I5-S,6,Mainline,S,7797
1204701,33.640308,-117.731896,12,Orange,I5-S,6,Mainline,S,7798
1211853,33.643978,-117.734722,12,Orange,I5-S,3,Mainline,S,7799
1204716,33.654255,-117.74294,12,Orange,I5-S,3,Mainline,S,7800
1204737,33.654741,-117.743323,12,Orange,I5-S,4,Mainline,S,7801
1204761,33.662021,-117.749253,12,Orange,I5-S,4,Mainline,S,7802
1204781,33.665581,-117.75203,12,Orange,I5-S,5,Mainline,S,7803
1204798,33.66617,-117.7525,12,Orange,I5-S,5,Mainline,S,7804
1204816,33.6716,-117.755616,12,Orange,I5-S,6,Mainline,S,7805
1204841,33.674297,-117.756223,12,Orange,I5-S,5,Mainline,S,7806
1204869,33.67863,-117.759362,12,Orange,I5-S,5,Mainline,S,7807
1204886,33.683599,-117.764425,12,Orange,I5-S,5,Mainline,S,7808
1204904,33.687939,-117.767277,12,Orange,I5-S,5,Mainline,S,7809
1204944,33.700148,-117.775267,12,Orange,I5-S,5,Mainline,S,7810
1204967,33.70706,-117.779935,12,Orange,I5-S,5,Mainline,S,7811
1204997,33.710634,-117.783134,12,Orange,I5-S,5,Mainline,S,7812
1205028,33.717966,-117.793071,12,Orange,I5-S,6,Mainline,S,7813
1205062,33.72047,-117.796638,12,Orange,I5-S,5,Mainline,S,7814
1205105,33.724136,-117.801999,12,Orange,I5-S,5,Mainline,S,7815
1205122,33.732587,-117.814369,12,Orange,I5-S,5,Mainline,S,7816
1205139,33.737386,-117.824499,12,Orange,I5-S,6,Mainline,S,7817
1208976,33.738432,-117.827716,12,Orange,I5-S,4,Mainline,S,7818
1205166,33.740098,-117.832494,12,Orange,I5-S,4,Mainline,S,7819
1205169,33.741219,-117.835743,12,Orange,I5-S,5,Mainline,S,7820
1205182,33.745553,-117.842538,12,Orange,I5-S,5,Mainline,S,7821
1205189,33.749928,-117.844652,12,Orange,I5-S,5,Mainline,S,7822
1205200,33.751759,-117.846535,12,Orange,I5-S,6,Mainline,S,7823
1205211,33.753388,-117.849326,12,Orange,I5-S,6,Mainline,S,7824
1205230,33.755475,-117.853795,12,Orange,I5-S,5,Mainline,S,7825
1205246,33.757943,-117.859225,12,Orange,I5-S,5,Mainline,S,7826
1205276,33.766429,-117.866976,12,Orange,I5-S,5,Mainline,S,7827
1205286,33.768742,-117.868373,12,Orange,I5-S,4,Mainline,S,7828
1205297,33.770032,-117.869238,12,Orange,I5-S,4,Mainline,S,7829
1205310,33.776289,-117.874337,12,Orange,I5-S,4,Mainline,S,7830
1205324,33.779824,-117.87776,12,Orange,I5-S,5,Mainline,S,7831
1205335,33.781682,-117.880014,12,Orange,I5-S,5,Mainline,S,7832
1205349,33.784761,-117.883653,12,Orange,I5-S,6,Mainline,S,7833
1205364,33.791651,-117.890222,12,Orange,I5-S,5,Mainline,S,7834
1212094,33.793517,-117.892284,12,Orange,I5-S,4,Mainline,S,7835
1205384,33.79536,-117.894336,12,Orange,I5-S,5,Mainline,S,7836
1205395,33.802101,-117.901359,12,Orange,I5-S,4,Mainline,S,7837
1205421,33.804788,-117.904254,12,Orange,I5-S,4,Mainline,S,7838
1212116,33.806478,-117.906207,12,Orange,I5-S,5,Mainline,S,7839
1212218,33.810933,-117.910895,12,Orange,I5-S,5,Mainline,S,7840
1205440,33.816263,-117.916397,12,Orange,I5-S,4,Mainline,S,7841
1205463,33.82198,-117.922328,12,Orange,I5-S,4,Mainline,S,7842
1205478,33.827601,-117.927279,12,Orange,I5-S,4,Mainline,S,7843
1212662,33.832791,-117.933068,12,Orange,I5-S,4,Mainline,S,7844
1212645,33.834594,-117.938264,12,Orange,I5-S,4,Mainline,S,7845
1205508,33.8365,-117.943178,12,Orange,I5-S,4,Mainline,S,7846
1205532,33.839851,-117.949454,12,Orange,I5-S,5,Mainline,S,7847
1205541,33.843443,-117.955942,12,Orange,I5-S,4,Mainline,S,7848
1212611,33.847169,-117.96276,12,Orange,I5-S,6,Mainline,S,7849
1205572,33.85001,-117.968231,12,Orange,I5-S,6,Mainline,S,7850
1205583,33.853961,-117.97494,12,Orange,I5-S,6,Mainline,S,7851
1214006,33.854882,-117.976235,12,Orange,I5-S,4,Mainline,S,7852
1205612,33.859063,-117.985205,12,Orange,I5-S,4,Mainline,S,7853
1216506,33.860447,-117.987777,12,Orange,I5-S,4,Mainline,S,7854
1205627,33.862901,-117.992155,12,Orange,I5-S,5,Mainline,S,7855
1205632,33.865235,-117.996273,12,Orange,I5-S,5,Mainline,S,7856
1216589,33.867596,-118.000667,12,Orange,I5-S,4,Mainline,S,7857
1216530,33.869887,-118.005145,12,Orange,I5-S,5,Mainline,S,7858
1205668,33.872567,-118.009266,12,Orange,I5-S,4,Mainline,S,7859
1202590,33.774261,-118.034947,12,Orange,SR22-E,3,Mainline,E,7860
1214853,33.774239,-118.029233,12,Orange,SR22-E,3,Mainline,E,7861
1215236,33.774214,-118.023517,12,Orange,SR22-E,3,Mainline,E,7862
1202595,33.774214,-118.023344,12,Orange,SR22-E,3,Mainline,E,7863
1214869,33.774209,-118.0178,12,Orange,SR22-E,3,Mainline,E,7864
1202614,33.774494,-118.010537,12,Orange,SR22-E,3,Mainline,E,7865
1215092,33.774003,-118.006807,12,Orange,SR22-E,3,Mainline,E,7866
1202627,33.772807,-118.004149,12,Orange,SR22-E,3,Mainline,E,7867
1202648,33.771171,-117.994688,12,Orange,SR22-E,3,Mainline,E,7868
1202691,33.770894,-117.989845,12,Orange,SR22-E,3,Mainline,E,7869
1214938,33.770587,-117.984626,12,Orange,SR22-E,4,Mainline,E,7870
1214955,33.769467,-117.979526,12,Orange,SR22-E,4,Mainline,E,7871
1202705,33.767032,-117.976135,12,Orange,SR22-E,4,Mainline,E,7872
1202720,33.765717,-117.969658,12,Orange,SR22-E,4,Mainline,E,7873
1202742,33.765808,-117.958333,12,Orange,SR22-E,4,Mainline,E,7874
1202753,33.765809,-117.955835,12,Orange,SR22-E,4,Mainline,E,7875
1214988,33.765858,-117.951027,12,Orange,SR22-E,4,Mainline,E,7876
1215003,33.76591,-117.946095,12,Orange,SR22-E,4,Mainline,E,7877
1214805,33.765949,-117.941486,12,Orange,SR22-E,4,Mainline,E,7878
1202779,33.765995,-117.935763,12,Orange,SR22-E,4,Mainline,E,7879
1202785,33.766038,-117.929691,12,Orange,SR22-E,4,Mainline,E,7880
1215252,33.766037,-117.929518,12,Orange,SR22-E,4,Mainline,E,7881
1214894,33.76705,-117.922361,12,Orange,SR22-E,4,Mainline,E,7882
1202827,33.768707,-117.917517,12,Orange,SR22-E,4,Mainline,E,7883
1215017,33.77033,-117.913078,12,Orange,SR22-E,4,Mainline,E,7884
1202844,33.773077,-117.907372,12,Orange,SR22-E,4,Mainline,E,7885
1202855,33.775838,-117.901985,12,Orange,SR22-E,4,Mainline,E,7886
1215043,33.778512,-117.895881,12,Orange,SR22-E,5,Mainline,E,7887
1202885,33.778925,-117.889394,12,Orange,SR22-E,2,Mainline,E,7888
1214715,33.778902,-117.88618,12,Orange,SR22-E,2,Mainline,E,7889
1202901,33.778903,-117.882341,12,Orange,SR22-E,2,Mainline,E,7890
1212170,33.778882,-117.875647,12,Orange,SR22-E,2,Mainline,E,7891
1202921,33.77834,-117.872382,12,Orange,SR22-E,2,Mainline,E,7892
1202949,33.778206,-117.862808,12,Orange,SR22-E,3,Mainline,E,7893
1202964,33.776567,-117.855753,12,Orange,SR22-E,3,Mainline,E,7894
1202977,33.77516,-117.850292,12,Orange,SR22-E,4,Mainline,E,7895
1214881,33.775624,-117.846173,12,Orange,SR22-E,5,Mainline,E,7896
1215026,33.776625,-117.838553,12,Orange,SR22-E,4,Mainline,E,7897
1202574,33.774686,-118.038174,12,Orange,SR22-W,3,Mainline,W,7898
1202564,33.774521,-118.036302,12,Orange,SR22-W,2,Mainline,W,7899
1214854,33.774397,-118.029216,12,Orange,SR22-W,4,Mainline,W,7900
1215248,33.774389,-118.02351,12,Orange,SR22-W,4,Mainline,W,7901
1202599,33.77439,-118.023337,12,Orange,SR22-W,4,Mainline,W,7902
1214871,33.774371,-118.017789,12,Orange,SR22-W,3,Mainline,W,7903
1202610,33.774652,-118.010501,12,Orange,SR22-W,3,Mainline,W,7904
1215091,33.774166,-118.006721,12,Orange,SR22-W,3,Mainline,W,7905
1202631,33.772939,-118.004084,12,Orange,SR22-W,3,Mainline,W,7906
1202663,33.771348,-117.994525,12,Orange,SR22-W,3,Mainline,W,7907
1202676,33.771057,-117.989817,12,Orange,SR22-W,3,Mainline,W,7908
1214939,33.770765,-117.984576,12,Orange,SR22-W,4,Mainline,W,7909
1214954,33.769612,-117.979437,12,Orange,SR22-W,4,Mainline,W,7910
1202701,33.767155,-117.976011,12,Orange,SR22-W,4,Mainline,W,7911
1202724,33.765877,-117.96964,12,Orange,SR22-W,4,Mainline,W,7912
1202738,33.765954,-117.959407,12,Orange,SR22-W,4,Mainline,W,7913
1214972,33.765971,-117.955835,12,Orange,SR22-W,4,Mainline,W,7914
1214987,33.766001,-117.951027,12,Orange,SR22-W,4,Mainline,W,7915
1215002,33.76605,-117.946098,12,Orange,SR22-W,4,Mainline,W,7916
1214806,33.766079,-117.94149,12,Orange,SR22-W,4,Mainline,W,7917
1202766,33.766144,-117.935768,12,Orange,SR22-W,4,Mainline,W,7918
1202789,33.766181,-117.929696,12,Orange,SR22-W,4,Mainline,W,7919
1215250,33.766182,-117.929523,12,Orange,SR22-W,4,Mainline,W,7920
1202803,33.767174,-117.922445,12,Orange,SR22-W,5,Mainline,W,7921
1202814,33.768341,-117.919037,12,Orange,SR22-W,4,Mainline,W,7922
1215018,33.770454,-117.91315,12,Orange,SR22-W,4,Mainline,W,7923
1202840,33.773193,-117.907475,12,Orange,SR22-W,4,Mainline,W,7924
1202859,33.775964,-117.902076,12,Orange,SR22-W,4,Mainline,W,7925
1215044,33.77865,-117.895924,12,Orange,SR22-W,5,Mainline,W,7926
1202872,33.779085,-117.889576,12,Orange,SR22-W,3,Mainline,W,7927
1211641,33.779058,-117.886182,12,Orange,SR22-W,4,Mainline,W,7928
1202912,33.779081,-117.882183,12,Orange,SR22-W,3,Mainline,W,7929
1202929,33.779039,-117.875662,12,Orange,SR22-W,3,Mainline,W,7930
1202917,33.778461,-117.872394,12,Orange,SR22-W,3,Mainline,W,7931
1202938,33.778348,-117.863135,12,Orange,SR22-W,3,Mainline,W,7932
1202960,33.776676,-117.855696,12,Orange,SR22-W,3,Mainline,W,7933
1202981,33.775279,-117.850279,12,Orange,SR22-W,3,Mainline,W,7934
1214882,33.775744,-117.846201,12,Orange,SR22-W,4,Mainline,W,7935
1202993,33.776862,-117.838554,12,Orange,SR22-W,4,Mainline,W,7936
1203021,33.651784,-117.908497,12,Orange,SR55-N,4,Mainline,N,7937
1203035,33.655235,-117.905264,12,Orange,SR55-N,4,Mainline,N,7938
1203057,33.661052,-117.899494,12,Orange,SR55-N,4,Mainline,N,7939
1203071,33.665298,-117.895303,12,Orange,SR55-N,4,Mainline,N,7940
1203082,33.671785,-117.888101,12,Orange,SR55-N,4,Mainline,N,7941
1210205,33.672968,-117.886575,12,Orange,SR55-N,3,Mainline,N,7942
1210190,33.676702,-117.882208,12,Orange,SR55-N,3,Mainline,N,7943
1210172,33.681801,-117.877327,12,Orange,SR55-N,4,Mainline,N,7944
1203090,33.685939,-117.873498,12,Orange,SR55-N,3,Mainline,N,7945
1214373,33.688567,-117.870964,12,Orange,SR55-N,4,Mainline,N,7946
1214321,33.691451,-117.868181,12,Orange,SR55-N,5,Mainline,N,7947
1203124,33.698026,-117.861831,12,Orange,SR55-N,4,Mainline,N,7948
1203148,33.699873,-117.860155,12,Orange,SR55-N,4,Mainline,N,7949
1203172,33.708364,-117.85183,12,Orange,SR55-N,4,Mainline,N,7950
1203184,33.711314,-117.848847,12,Orange,SR55-N,4,Mainline,N,7951
1214253,33.716619,-117.843611,12,Orange,SR55-N,4,Mainline,N,7952
1203221,33.726049,-117.83503,12,Orange,SR55-N,4,Mainline,N,7953
1203254,33.732101,-117.833555,12,Orange,SR55-N,5,Mainline,N,7954
1209860,33.737088,-117.833583,12,Orange,SR55-N,4,Mainline,N,7955
1209873,33.739982,-117.83368,12,Orange,SR55-N,3,Mainline,N,7956
1209888,33.741429,-117.833698,12,Orange,SR55-N,3,Mainline,N,7957
1203303,33.749859,-117.831768,12,Orange,SR55-N,4,Mainline,N,7958
1203331,33.759105,-117.830994,12,Orange,SR55-N,4,Mainline,N,7959
1203342,33.762898,-117.830834,12,Orange,SR55-N,4,Mainline,N,7960
1215811,33.767287,-117.830905,12,Orange,SR55-N,5,Mainline,N,7961
1212938,33.773139,-117.830912,12,Orange,SR55-N,4,Mainline,N,7962
1203400,33.790409,-117.830884,12,Orange,SR55-N,4,Mainline,N,7963
1212842,33.797732,-117.831045,12,Orange,SR55-N,5,Mainline,N,7964
1212863,33.800649,-117.831527,12,Orange,SR55-N,5,Mainline,N,7965
1203428,33.809608,-117.831849,12,Orange,SR55-N,4,Mainline,N,7966
1212916,33.812203,-117.831905,12,Orange,SR55-N,5,Mainline,N,7967
1212901,33.817981,-117.831919,12,Orange,SR55-N,4,Mainline,N,7968
1212955,33.823807,-117.83192,12,Orange,SR55-N,4,Mainline,N,7969
1203468,33.837111,-117.834992,12,Orange,SR55-N,4,Mainline,N,7970
1203016,33.651901,-117.908673,12,Orange,SR55-S,3,Mainline,S,7971
1203040,33.655366,-117.905456,12,Orange,SR55-S,4,Mainline,S,7972
1203050,33.661183,-117.899681,12,Orange,SR55-S,4,Mainline,S,7973
1203076,33.665433,-117.895493,12,Orange,SR55-S,4,Mainline,S,7974
1210220,33.671928,-117.888309,12,Orange,SR55-S,4,Mainline,S,7975
1203084,33.673112,-117.88678,12,Orange,SR55-S,3,Mainline,S,7976
1210189,33.676789,-117.882355,12,Orange,SR55-S,3,Mainline,S,7977
1210173,33.681935,-117.87755,12,Orange,SR55-S,4,Mainline,S,7978
1203095,33.686016,-117.873635,12,Orange,SR55-S,4,Mainline,S,7979
1214322,33.691579,-117.868353,12,Orange,SR55-S,4,Mainline,S,7980
1203110,33.697495,-117.862677,12,Orange,SR55-S,4,Mainline,S,7981
1203136,33.699146,-117.861041,12,Orange,SR55-S,4,Mainline,S,7982
1218332,33.705879,-117.854598,12,Orange,SR55-S,4,Mainline,S,7983
1203188,33.711451,-117.849099,12,Orange,SR55-S,5,Mainline,S,7984
1214215,33.71674,-117.843837,12,Orange,SR55-S,5,Mainline,S,7985
1203206,33.723387,-117.837265,12,Orange,SR55-S,4,Mainline,S,7986
1203239,33.73212,-117.833996,12,Orange,SR55-S,4,Mainline,S,7987
1203266,33.739982,-117.833908,12,Orange,SR55-S,4,Mainline,S,7988
1203271,33.741429,-117.833876,12,Orange,SR55-S,3,Mainline,S,7989
1203317,33.75738,-117.831392,12,Orange,SR55-S,4,Mainline,S,7990
1215809,33.767289,-117.83108,12,Orange,SR55-S,5,Mainline,S,7991
1212935,33.773138,-117.831088,12,Orange,SR55-S,3,Mainline,S,7992
1203361,33.784755,-117.831128,12,Orange,SR55-S,5,Mainline,S,7993
1203387,33.788212,-117.831081,12,Orange,SR55-S,4,Mainline,S,7994
1212840,33.797729,-117.831223,12,Orange,SR55-S,5,Mainline,S,7995
1212865,33.800652,-117.831355,12,Orange,SR55-S,5,Mainline,S,7996
1213274,33.809605,-117.832031,12,Orange,SR55-S,4,Mainline,S,7997
1212903,33.817979,-117.832098,12,Orange,SR55-S,4,Mainline,S,7998
1212957,33.823807,-117.832097,12,Orange,SR55-S,4,Mainline,S,7999
1203440,33.830875,-117.834539,12,Orange,SR55-S,4,Mainline,S,8000
1211907,33.78435,-117.879424,12,Orange,SR57-N,5,Mainline,N,8001
1202011,33.787426,-117.879769,12,Orange,SR57-N,5,Mainline,N,8002
1202024,33.790105,-117.879799,12,Orange,SR57-N,6,Mainline,N,8003
1202053,33.794121,-117.878448,12,Orange,SR57-N,5,Mainline,N,8004
1202067,33.795482,-117.877848,12,Orange,SR57-N,5,Mainline,N,8005
1202093,33.805531,-117.880058,12,Orange,SR57-N,5,Mainline,N,8006
1202118,33.808904,-117.879353,12,Orange,SR57-N,5,Mainline,N,8007
1213741,33.811084,-117.878472,12,Orange,SR57-N,5,Mainline,N,8008
1202146,33.81772,-117.876254,12,Orange,SR57-N,5,Mainline,N,8009
1202172,33.820297,-117.875999,12,Orange,SR57-N,5,Mainline,N,8010
1213105,33.825188,-117.875981,12,Orange,SR57-N,5,Mainline,N,8011
1213122,33.83238,-117.875965,12,Orange,SR57-N,5,Mainline,N,8012
1202201,33.837126,-117.87595,12,Orange,SR57-N,5,Mainline,N,8013
1202230,33.839593,-117.875935,12,Orange,SR57-N,5,Mainline,N,8014
1213036,33.842505,-117.875902,12,Orange,SR57-N,5,Mainline,N,8015
1213041,33.846873,-117.875931,12,Orange,SR57-N,3,Mainline,N,8016
1213672,33.851227,-117.875572,12,Orange,SR57-N,3,Mainline,N,8017
1221212,33.857169,-117.875678,12,Orange,SR57-N,6,Mainline,N,8018
1202263,33.862728,-117.877557,12,Orange,SR57-N,6,Mainline,N,8019
1219462,33.869812,-117.879677,12,Orange,SR57-N,6,Mainline,N,8020
1202308,33.880532,-117.88031,12,Orange,SR57-N,5,Mainline,N,8021
1202337,33.888435,-117.880484,12,Orange,SR57-N,5,Mainline,N,8022
1202365,33.891206,-117.880559,12,Orange,SR57-N,5,Mainline,N,8023
1213087,33.896472,-117.880822,12,Orange,SR57-N,5,Mainline,N,8024
1202380,33.900126,-117.881063,12,Orange,SR57-N,6,Mainline,N,8025
1202408,33.909962,-117.883309,12,Orange,SR57-N,5,Mainline,N,8026
1202436,33.913565,-117.882887,12,Orange,SR57-N,6,Mainline,N,8027
1202464,33.929701,-117.879881,12,Orange,SR57-N,4,Mainline,N,8028
1211870,33.940872,-117.875138,12,Orange,SR57-N,4,Mainline,N,8029
1211954,33.777415,-117.874735,12,Orange,SR57-S,2,Mainline,S,8030
1201998,33.783256,-117.880197,12,Orange,SR57-S,4,Mainline,S,8031
1202040,33.792388,-117.879621,12,Orange,SR57-S,4,Mainline,S,8032
1202078,33.804096,-117.88008,12,Orange,SR57-S,4,Mainline,S,8033
1202105,33.806677,-117.880243,12,Orange,SR57-S,4,Mainline,S,8034
1213742,33.811089,-117.878726,12,Orange,SR57-S,4,Mainline,S,8035
1202132,33.816163,-117.876814,12,Orange,SR57-S,4,Mainline,S,8036
1202160,33.818721,-117.876349,12,Orange,SR57-S,4,Mainline,S,8037
1213106,33.825192,-117.876256,12,Orange,SR57-S,5,Mainline,S,8038
1213121,33.832386,-117.876232,12,Orange,SR57-S,5,Mainline,S,8039
1202186,33.835983,-117.876191,12,Orange,SR57-S,5,Mainline,S,8040
1202215,33.838577,-117.876186,12,Orange,SR57-S,5,Mainline,S,8041
1213133,33.842489,-117.876207,12,Orange,SR57-S,6,Mainline,S,8042
1213721,33.846832,-117.876202,12,Orange,SR57-S,4,Mainline,S,8043
1213673,33.851167,-117.875855,12,Orange,SR57-S,4,Mainline,S,8044
1218170,33.857092,-117.876106,12,Orange,SR57-S,6,Mainline,S,8045
1202248,33.862118,-117.87757,12,Orange,SR57-S,5,Mainline,S,8046
1219461,33.869773,-117.879875,12,Orange,SR57-S,4,Mainline,S,8047
1202278,33.872312,-117.880462,12,Orange,SR57-S,4,Mainline,S,8048
1202290,33.87562,-117.880503,12,Orange,SR57-S,4,Mainline,S,8049
1202322,33.886705,-117.880716,12,Orange,SR57-S,5,Mainline,S,8050
1202353,33.889447,-117.880785,12,Orange,SR57-S,4,Mainline,S,8051
1213088,33.896472,-117.881094,12,Orange,SR57-S,4,Mainline,S,8052
1202373,33.900128,-117.881325,12,Orange,SR57-S,4,Mainline,S,8053
1202394,33.90899,-117.883224,12,Orange,SR57-S,4,Mainline,S,8054
1202422,33.91201,-117.883726,12,Orange,SR57-S,4,Mainline,S,8055
1202451,33.92289,-117.880298,12,Orange,SR57-S,4,Mainline,S,8056
1202475,33.94149,-117.874675,12,Orange,SR57-S,4,Mainline,S,8057
1210440,33.545677,-117.674552,12,Orange,SR73-N,3,Mainline,N,8058
1208701,33.550126,-117.675644,12,Orange,SR73-N,3,Mainline,N,8059
1208760,33.554546,-117.677239,12,Orange,SR73-N,3,Mainline,N,8060
1208886,33.557803,-117.683209,12,Orange,SR73-N,3,Mainline,N,8061
1208789,33.559105,-117.689417,12,Orange,SR73-N,3,Mainline,N,8062
1208942,33.562029,-117.693351,12,Orange,SR73-N,3,Mainline,N,8063
1208944,33.564588,-117.695254,12,Orange,SR73-N,3,Mainline,N,8064
1210477,33.567967,-117.698683,12,Orange,SR73-N,3,Mainline,N,8065
1210478,33.571095,-117.702528,12,Orange,SR73-N,3,Mainline,N,8066
1209020,33.574966,-117.70902,12,Orange,SR73-N,3,Mainline,N,8067
1210488,33.575554,-117.710558,12,Orange,SR73-N,5,Mainline,N,8068
1210523,33.577091,-117.714614,12,Orange,SR73-N,4,Mainline,N,8069
1210543,33.580619,-117.720958,12,Orange,SR73-N,4,Mainline,N,8070
1210560,33.583441,-117.724921,12,Orange,SR73-N,4,Mainline,N,8071
1210573,33.585779,-117.72822,12,Orange,SR73-N,4,Mainline,N,8072
1210582,33.58748,-117.733096,12,Orange,SR73-N,5,Mainline,N,8073
1210590,33.588223,-117.740639,12,Orange,SR73-N,4,Mainline,N,8074
1210598,33.589091,-117.744983,12,Orange,SR73-N,3,Mainline,N,8075
1210600,33.590678,-117.749665,12,Orange,SR73-N,3,Mainline,N,8076
1210601,33.591624,-117.755573,12,Orange,SR73-N,4,Mainline,N,8077
1210609,33.593909,-117.76171,12,Orange,SR73-N,4,Mainline,N,8078
1210618,33.595997,-117.764653,12,Orange,SR73-N,4,Mainline,N,8079
1210628,33.598966,-117.770961,12,Orange,SR73-N,4,Mainline,N,8080
1210637,33.599693,-117.776669,12,Orange,SR73-N,4,Mainline,N,8081
1210647,33.601969,-117.782151,12,Orange,SR73-N,4,Mainline,N,8082
1210659,33.602777,-117.786992,12,Orange,SR73-N,3,Mainline,N,8083
1210744,33.607825,-117.801253,12,Orange,SR73-N,3,Mainline,N,8084
1210736,33.609334,-117.806039,12,Orange,SR73-N,3,Mainline,N,8085
1210728,33.610446,-117.812765,12,Orange,SR73-N,4,Mainline,N,8086
1210715,33.611986,-117.815658,12,Orange,SR73-N,4,Mainline,N,8087
1210705,33.614224,-117.817786,12,Orange,SR73-N,4,Mainline,N,8088
1210696,33.616831,-117.819255,12,Orange,SR73-N,3,Mainline,N,8089
1210687,33.620522,-117.822056,12,Orange,SR73-N,4,Mainline,N,8090
1210679,33.623392,-117.828171,12,Orange,SR73-N,4,Mainline,N,8091
1210661,33.626366,-117.831907,12,Orange,SR73-N,4,Mainline,N,8092
1210571,33.629759,-117.837358,12,Orange,SR73-N,5,Mainline,N,8093
1210561,33.631208,-117.842241,12,Orange,SR73-N,4,Mainline,N,8094
1210536,33.632697,-117.847113,12,Orange,SR73-N,4,Mainline,N,8095
1210524,33.635664,-117.852976,12,Orange,SR73-N,4,Mainline,N,8096
1210505,33.638513,-117.856881,12,Orange,SR73-N,4,Mainline,N,8097
1210487,33.643656,-117.859875,12,Orange,SR73-N,3,Mainline,N,8098
1210474,33.646501,-117.860508,12,Orange,SR73-N,3,Mainline,N,8099
1210465,33.650823,-117.8614,12,Orange,SR73-N,4,Mainline,N,8100
1210456,33.654806,-117.864027,12,Orange,SR73-N,3,Mainline,N,8101
1210446,33.655401,-117.86475,12,Orange,SR73-N,3,Mainline,N,8102
1212455,33.659804,-117.870921,12,Orange,SR73-N,4,Mainline,N,8103
1212463,33.663519,-117.87634,12,Orange,SR73-N,4,Mainline,N,8104
1212473,33.67012,-117.883175,12,Orange,SR73-N,4,Mainline,N,8105
1212479,33.674893,-117.887299,12,Orange,SR73-N,3,Mainline,N,8106
1212489,33.683052,-117.894515,12,Orange,SR73-N,3,Mainline,N,8107
1212496,33.686594,-117.897754,12,Orange,SR73-N,3,Mainline,N,8108
1210441,33.545627,-117.674915,12,Orange,SR73-S,3,Mainline,S,8109
1208703,33.550021,-117.676025,12,Orange,SR73-S,3,Mainline,S,8110
1208758,33.554335,-117.677553,12,Orange,SR73-S,3,Mainline,S,8111
1208809,33.557463,-117.683347,12,Orange,SR73-S,3,Mainline,S,8112
1208941,33.558786,-117.689492,12,Orange,SR73-S,4,Mainline,S,8113
1208943,33.56161,-117.693516,12,Orange,SR73-S,4,Mainline,S,8114
1208945,33.564154,-117.695429,12,Orange,SR73-S,4,Mainline,S,8115
1210476,33.567532,-117.698836,12,Orange,SR73-S,3,Mainline,S,8116
1210479,33.570836,-117.702926,12,Orange,SR73-S,3,Mainline,S,8117
1210749,33.573158,-117.706028,12,Orange,SR73-S,3,Mainline,S,8118
1210491,33.575244,-117.71075,12,Orange,SR73-S,3,Mainline,S,8119
1210527,33.576781,-117.714799,12,Orange,SR73-S,3,Mainline,S,8120
1210551,33.580299,-117.721195,12,Orange,SR73-S,3,Mainline,S,8121
1210570,33.583126,-117.725184,12,Orange,SR73-S,4,Mainline,S,8122
1210574,33.585421,-117.728504,12,Orange,SR73-S,3,Mainline,S,8123
1210583,33.587118,-117.733325,12,Orange,SR73-S,4,Mainline,S,8124
1210589,33.587924,-117.740964,12,Orange,SR73-S,3,Mainline,S,8125
1210597,33.588855,-117.745361,12,Orange,SR73-S,3,Mainline,S,8126
1210599,33.590342,-117.750156,12,Orange,SR73-S,3,Mainline,S,8127
1210602,33.59118,-117.755882,12,Orange,SR73-S,3,Mainline,S,8128
1210610,33.593514,-117.761968,12,Orange,SR73-S,3,Mainline,S,8129
1210619,33.595564,-117.764927,12,Orange,SR73-S,3,Mainline,S,8130
1210629,33.59849,-117.771217,12,Orange,SR73-S,3,Mainline,S,8131
1210638,33.599221,-117.776885,12,Orange,SR73-S,3,Mainline,S,8132
1210648,33.601523,-117.78232,12,Orange,SR73-S,4,Mainline,S,8133
1210660,33.602353,-117.787181,12,Orange,SR73-S,5,Mainline,S,8134
1210745,33.607237,-117.801595,12,Orange,SR73-S,3,Mainline,S,8135
1210737,33.608817,-117.806455,12,Orange,SR73-S,3,Mainline,S,8136
1210729,33.610123,-117.813251,12,Orange,SR73-S,5,Mainline,S,8137
1210716,33.611697,-117.816184,12,Orange,SR73-S,4,Mainline,S,8138
1210706,33.614005,-117.8183,12,Orange,SR73-S,4,Mainline,S,8139
1210697,33.616669,-117.819745,12,Orange,SR73-S,4,Mainline,S,8140
1210688,33.620205,-117.822441,12,Orange,SR73-S,4,Mainline,S,8141
1210678,33.623005,-117.828338,12,Orange,SR73-S,4,Mainline,S,8142
1210669,33.625981,-117.832171,12,Orange,SR73-S,4,Mainline,S,8143
1210572,33.629475,-117.837662,12,Orange,SR73-S,4,Mainline,S,8144
1210552,33.630935,-117.842609,12,Orange,SR73-S,4,Mainline,S,8145
1210542,33.632444,-117.847497,12,Orange,SR73-S,4,Mainline,S,8146
1210525,33.635399,-117.853396,12,Orange,SR73-S,4,Mainline,S,8147
1210504,33.638307,-117.857266,12,Orange,SR73-S,4,Mainline,S,8148
1210494,33.640714,-117.859193,12,Orange,SR73-S,3,Mainline,S,8149
1210489,33.643454,-117.86032,12,Orange,SR73-S,3,Mainline,S,8150
1210475,33.646308,-117.860978,12,Orange,SR73-S,3,Mainline,S,8151
1210466,33.650695,-117.861933,12,Orange,SR73-S,4,Mainline,S,8152
1210455,33.65462,-117.864335,12,Orange,SR73-S,3,Mainline,S,8153
1210447,33.655174,-117.865011,12,Orange,SR73-S,3,Mainline,S,8154
1212454,33.659515,-117.871215,12,Orange,SR73-S,3,Mainline,S,8155
1212464,33.66324,-117.876633,12,Orange,SR73-S,4,Mainline,S,8156
1212472,33.669908,-117.88342,12,Orange,SR73-S,3,Mainline,S,8157
1212480,33.67464,-117.887584,12,Orange,SR73-S,3,Mainline,S,8158
1212484,33.68058,-117.892743,12,Orange,SR73-S,3,Mainline,S,8159
1212495,33.686456,-117.898045,12,Orange,SR73-S,3,Mainline,S,8160
1203495,33.858147,-118.032578,12,Orange,SR91-E,4,Mainline,E,8161
1203506,33.856083,-118.026091,12,Orange,SR91-E,4,Mainline,E,8162
1213891,33.855843,-118.020532,12,Orange,SR91-E,4,Mainline,E,8163
1203536,33.855903,-118.011986,12,Orange,SR91-E,4,Mainline,E,8164
1203561,33.855926,-118.008847,12,Orange,SR91-E,4,Mainline,E,8165
1203589,33.855997,-117.998577,12,Orange,SR91-E,4,Mainline,E,8166
1203615,33.856024,-117.995448,12,Orange,SR91-E,4,Mainline,E,8167
1214063,33.856035,-117.991253,12,Orange,SR91-E,5,Mainline,E,8168
1214118,33.856265,-117.984237,12,Orange,SR91-E,3,Mainline,E,8169
1203642,33.856043,-117.972438,12,Orange,SR91-E,4,Mainline,E,8170
1203654,33.854376,-117.967371,12,Orange,SR91-E,5,Mainline,E,8171
1203679,33.853902,-117.95679,12,Orange,SR91-E,4,Mainline,E,8172
1203704,33.854029,-117.938876,12,Orange,SR91-E,4,Mainline,E,8173
1203762,33.853681,-117.912688,12,Orange,SR91-E,4,Mainline,E,8174
1213060,33.853755,-117.907999,12,Orange,SR91-E,4,Mainline,E,8175
1203788,33.853767,-117.905042,12,Orange,SR91-E,4,Mainline,E,8176
1203793,33.853874,-117.897738,12,Orange,SR91-E,4,Mainline,E,8177
1203825,33.853992,-117.887676,12,Orange,SR91-E,4,Mainline,E,8178
1213986,33.853485,-117.885166,12,Orange,SR91-E,5,Mainline,E,8179
1203831,33.850044,-117.876605,12,Orange,SR91-E,3,Mainline,E,8180
1203850,33.848316,-117.872812,12,Orange,SR91-E,4,Mainline,E,8181
1203866,33.846226,-117.864299,12,Orange,SR91-E,4,Mainline,E,8182
1203886,33.847636,-117.856212,12,Orange,SR91-E,3,Mainline,E,8183
1203922,33.848381,-117.85323,12,Orange,SR91-E,3,Mainline,E,8184
1203927,33.849953,-117.846936,12,Orange,SR91-E,4,Mainline,E,8185
1203957,33.851164,-117.838568,12,Orange,SR91-E,4,Mainline,E,8186
1203984,33.850669,-117.814377,12,Orange,SR91-E,6,Mainline,E,8187
1204010,33.852542,-117.811988,12,Orange,SR91-E,6,Mainline,E,8188
1208108,33.85429,-117.80262,12,Orange,SR91-E,6,Mainline,E,8189
1204038,33.854176,-117.791386,12,Orange,SR91-E,5,Mainline,E,8190
1204064,33.855071,-117.787923,12,Orange,SR91-E,5,Mainline,E,8191
1208121,33.858505,-117.780743,12,Orange,SR91-E,5,Mainline,E,8192
1208147,33.862813,-117.771912,12,Orange,SR91-E,5,Mainline,E,8193
1208161,33.867107,-117.763071,12,Orange,SR91-E,6,Mainline,E,8194
1204091,33.870278,-117.744781,12,Orange,SR91-E,5,Mainline,E,8195
1204117,33.870757,-117.741504,12,Orange,SR91-E,5,Mainline,E,8196
1208180,33.869894,-117.73308,12,Orange,SR91-E,5,Mainline,E,8197
1208199,33.866822,-117.722179,12,Orange,SR91-E,4,Mainline,E,8198
1204142,33.866735,-117.71168,12,Orange,SR91-E,4,Mainline,E,8199
1204153,33.868014,-117.708584,12,Orange,SR91-E,4,Mainline,E,8200
1208226,33.871104,-117.701858,12,Orange,SR91-E,5,Mainline,E,8201
1213680,33.871539,-117.68647,12,Orange,SR91-E,5,Mainline,E,8202
1204181,33.870739,-117.6845,12,Orange,SR91-E,5,Mainline,E,8203
1208240,33.869165,-117.68015,12,Orange,SR91-E,5,Mainline,E,8204
1203481,33.859047,-118.034214,12,Orange,SR91-W,4,Mainline,W,8205
1203513,33.856241,-118.026045,12,Orange,SR91-W,4,Mainline,W,8206
1213892,33.856023,-118.020493,12,Orange,SR91-W,4,Mainline,W,8207
1203524,33.856065,-118.014055,12,Orange,SR91-W,4,Mainline,W,8208
1203549,33.856125,-118.008835,12,Orange,SR91-W,4,Mainline,W,8209
1203573,33.856174,-118.001703,12,Orange,SR91-W,4,Mainline,W,8210
1203604,33.856177,-117.998227,12,Orange,SR91-W,4,Mainline,W,8211
1214062,33.85622,-117.991257,12,Orange,SR91-W,5,Mainline,W,8212
1214117,33.856869,-117.984356,12,Orange,SR91-W,3,Mainline,W,8213
1203631,33.857654,-117.976502,12,Orange,SR91-W,3,Mainline,W,8214
1213398,33.856235,-117.972391,12,Orange,SR91-W,3,Mainline,W,8215
1203649,33.854549,-117.967351,12,Orange,SR91-W,4,Mainline,W,8216
1203665,33.853951,-117.961157,12,Orange,SR91-W,4,Mainline,W,8217
1203692,33.854189,-117.943925,12,Orange,SR91-W,4,Mainline,W,8218
1203718,33.853907,-117.926204,12,Orange,SR91-W,4,Mainline,W,8219
1212725,33.853895,-117.912686,12,Orange,SR91-W,4,Mainline,W,8220
1203774,33.853925,-117.907991,12,Orange,SR91-W,4,Mainline,W,8221
1203799,33.854035,-117.897729,12,Orange,SR91-W,4,Mainline,W,8222
1203813,33.854309,-117.891303,12,Orange,SR91-W,4,Mainline,W,8223
1213985,33.85385,-117.885106,12,Orange,SR91-W,4,Mainline,W,8224
1203845,33.849561,-117.875092,12,Orange,SR91-W,3,Mainline,W,8225
1203861,33.848505,-117.872819,12,Orange,SR91-W,3,Mainline,W,8226
1203871,33.847706,-117.870973,12,Orange,SR91-W,5,Mainline,W,8227
1203896,33.847931,-117.855999,12,Orange,SR91-W,5,Mainline,W,8228
1203909,33.848299,-117.854502,12,Orange,SR91-W,5,Mainline,W,8229
1203931,33.850205,-117.846854,12,Orange,SR91-W,5,Mainline,W,8230
1203944,33.851349,-117.838448,12,Orange,SR91-W,5,Mainline,W,8231
1203972,33.849591,-117.816135,12,Orange,SR91-W,5,Mainline,W,8232
1203998,33.851525,-117.813891,12,Orange,SR91-W,5,Mainline,W,8233
1208110,33.854556,-117.802756,12,Orange,SR91-W,5,Mainline,W,8234
1204023,33.854368,-117.793339,12,Orange,SR91-W,5,Mainline,W,8235
1220832,33.854451,-117.791255,12,Orange,SR91-W,5,Mainline,W,8236
1204052,33.854713,-117.789725,12,Orange,SR91-W,5,Mainline,W,8237
1208134,33.858773,-117.780816,12,Orange,SR91-W,5,Mainline,W,8238
1208151,33.863077,-117.772007,12,Orange,SR91-W,5,Mainline,W,8239
1208176,33.867371,-117.763191,12,Orange,SR91-W,6,Mainline,W,8240
1204076,33.870169,-117.747893,12,Orange,SR91-W,5,Mainline,W,8241
1204105,33.870661,-117.744997,12,Orange,SR91-W,5,Mainline,W,8242
1208190,33.870372,-117.733445,12,Orange,SR91-W,5,Mainline,W,8243
1208208,33.867126,-117.722277,12,Orange,SR91-W,4,Mainline,W,8244
1204159,33.866503,-117.715237,12,Orange,SR91-W,4,Mainline,W,8245
1208230,33.871439,-117.701993,12,Orange,SR91-W,6,Mainline,W,8246
1204168,33.873131,-117.689053,12,Orange,SR91-W,5,Mainline,W,8247
1213686,33.872075,-117.686605,12,Orange,SR91-W,4,Mainline,W,8248
1221092,33.871434,-117.685149,12,Orange,SR91-W,5,Mainline,W,8249
1208260,33.869436,-117.680194,12,Orange,SR91-W,5,Mainline,W,8250
1220745,33.596159,-117.760506,12,Orange,SR133-N,2,Mainline,N,8251
1220750,33.602492,-117.760884,12,Orange,SR133-N,2,Mainline,N,8252
1220755,33.609693,-117.759225,12,Orange,SR133-N,2,Mainline,N,8253
1220760,33.616805,-117.756717,12,Orange,SR133-N,2,Mainline,N,8254
1220765,33.625088,-117.757397,12,Orange,SR133-N,2,Mainline,N,8255
1220770,33.630223,-117.761167,12,Orange,SR133-N,2,Mainline,N,8256
1220775,33.637439,-117.760626,12,Orange,SR133-N,2,Mainline,N,8257
1220786,33.64216,-117.761812,12,Orange,SR133-N,3,Mainline,N,8258
1220780,33.642699,-117.761973,12,Orange,SR133-N,3,Mainline,N,8259
1201066,33.661697,-117.754967,12,Orange,SR133-N,2,Mainline,N,8260
1201076,33.663305,-117.753976,12,Orange,SR133-N,3,Mainline,N,8261
1211784,33.667495,-117.753044,12,Orange,SR133-N,2,Mainline,N,8262
1211770,33.672836,-117.753243,12,Orange,SR133-N,2,Mainline,N,8263
1211760,33.676181,-117.752421,12,Orange,SR133-N,2,Mainline,N,8264
1211750,33.680812,-117.748819,12,Orange,SR133-N,3,Mainline,N,8265
1211740,33.683166,-117.746935,12,Orange,SR133-N,4,Mainline,N,8266
1211731,33.687048,-117.743737,12,Orange,SR133-N,3,Mainline,N,8267
1211724,33.690256,-117.741045,12,Orange,SR133-N,3,Mainline,N,8268
1211717,33.694404,-117.737541,12,Orange,SR133-N,3,Mainline,N,8269
1211706,33.698464,-117.733959,12,Orange,SR133-N,3,Mainline,N,8270
1211692,33.70238,-117.72971,12,Orange,SR133-N,4,Mainline,N,8271
1211682,33.706148,-117.726196,12,Orange,SR133-N,2,Mainline,N,8272
1211663,33.709447,-117.724497,12,Orange,SR133-N,2,Mainline,N,8273
1211653,33.71555,-117.721749,12,Orange,SR133-N,3,Mainline,N,8274
1221271,33.591062,-117.759529,12,Orange,SR133-S,2,Mainline,S,8275
1220816,33.596721,-117.760662,12,Orange,SR133-S,2,Mainline,S,8276
1220811,33.602769,-117.7608,12,Orange,SR133-S,2,Mainline,S,8277
1220805,33.609099,-117.759202,12,Orange,SR133-S,2,Mainline,S,8278
1220800,33.616804,-117.756718,12,Orange,SR133-S,2,Mainline,S,8279
1220795,33.625214,-117.75749,12,Orange,SR133-S,2,Mainline,S,8280
1220790,33.630107,-117.761094,12,Orange,SR133-S,2,Mainline,S,8281
1201054,33.66184,-117.7553,12,Orange,SR133-S,3,Mainline,S,8282
1211787,33.667665,-117.753428,12,Orange,SR133-S,2,Mainline,S,8283
1211772,33.673029,-117.753623,12,Orange,SR133-S,2,Mainline,S,8284
1211761,33.676396,-117.752844,12,Orange,SR133-S,3,Mainline,S,8285
1211752,33.68106,-117.74924,12,Orange,SR133-S,3,Mainline,S,8286
1211741,33.683386,-117.747277,12,Orange,SR133-S,4,Mainline,S,8287
1211732,33.687243,-117.744014,12,Orange,SR133-S,3,Mainline,S,8288
1211725,33.690454,-117.741328,12,Orange,SR133-S,3,Mainline,S,8289
1211716,33.694604,-117.737826,12,Orange,SR133-S,3,Mainline,S,8290
1211708,33.698681,-117.734303,12,Orange,SR133-S,3,Mainline,S,8291
1211693,33.702574,-117.730095,12,Orange,SR133-S,4,Mainline,S,8292
1211665,33.710914,-117.72449,12,Orange,SR133-S,2,Mainline,S,8293
1211654,33.715749,-117.722121,12,Orange,SR133-S,2,Mainline,S,8294
1219252,33.90979,-117.85227,12,Orange,SR142-E,1,Mainline,E,8295
1219257,33.918427,-117.847872,12,Orange,SR142-E,1,Mainline,E,8296
1219264,33.923881,-117.847455,12,Orange,SR142-E,1,Mainline,E,8297
1220561,33.922967,-117.839661,12,Orange,SR142-E,2,Mainline,E,8298
1219268,33.92256,-117.838254,12,Orange,SR142-E,1,Mainline,E,8299
1219104,33.921188,-117.828619,12,Orange,SR142-E,1,Mainline,E,8300
1220578,33.922015,-117.816185,12,Orange,SR142-E,1,Mainline,E,8301
1219278,33.922997,-117.813142,12,Orange,SR142-E,1,Mainline,E,8302
1220588,33.92304,-117.812985,12,Orange,SR142-E,1,Mainline,E,8303
1220593,33.924905,-117.806951,12,Orange,SR142-E,1,Mainline,E,8304
1220599,33.929206,-117.797762,12,Orange,SR142-E,1,Mainline,E,8305
1220609,33.937043,-117.791973,12,Orange,SR142-E,1,Mainline,E,8306
1220603,33.937185,-117.791945,12,Orange,SR142-E,1,Mainline,E,8307
1220613,33.942293,-117.78641,12,Orange,SR142-E,1,Mainline,E,8308
1221248,33.923865,-117.847567,12,Orange,SR142-W,2,Mainline,W,8309
1221255,33.922131,-117.831553,12,Orange,SR142-W,1,Mainline,W,8310
1220579,33.922015,-117.816184,12,Orange,SR142-W,1,Mainline,W,8311
1219279,33.922997,-117.813141,12,Orange,SR142-W,1,Mainline,W,8312
1220589,33.92304,-117.812984,12,Orange,SR142-W,1,Mainline,W,8313
1220594,33.924905,-117.80695,12,Orange,SR142-W,1,Mainline,W,8314
1219274,33.929442,-117.797554,12,Orange,SR142-W,1,Mainline,W,8315
1209531,33.63353,-117.599074,12,Orange,SR241-N,2,Mainline,N,8316
1216039,33.634945,-117.599584,12,Orange,SR241-N,2,Mainline,N,8317
1209542,33.637405,-117.600814,12,Orange,SR241-N,2,Mainline,N,8318
1209558,33.645877,-117.605062,12,Orange,SR241-N,2,Mainline,N,8319
1209577,33.647249,-117.605721,12,Orange,SR241-N,4,Mainline,N,8320
1209585,33.651938,-117.612216,12,Orange,SR241-N,3,Mainline,N,8321
1209598,33.653482,-117.620027,12,Orange,SR241-N,3,Mainline,N,8322
1216002,33.654041,-117.621643,12,Orange,SR241-N,3,Mainline,N,8323
1209606,33.655536,-117.62601,12,Orange,SR241-N,3,Mainline,N,8324
1209614,33.658363,-117.632286,12,Orange,SR241-N,3,Mainline,N,8325
1209652,33.666889,-117.647778,12,Orange,SR241-N,3,Mainline,N,8326
1209669,33.668867,-117.652743,12,Orange,SR241-N,3,Mainline,N,8327
1209685,33.672946,-117.663113,12,Orange,SR241-N,3,Mainline,N,8328
1216048,33.673571,-117.664667,12,Orange,SR241-N,3,Mainline,N,8329
1209621,33.674212,-117.666212,12,Orange,SR241-N,3,Mainline,N,8330
1209634,33.677671,-117.671424,12,Orange,SR241-N,3,Mainline,N,8331
1216019,33.678874,-117.672365,12,Orange,SR241-N,3,Mainline,N,8332
1209644,33.681906,-117.67436,12,Orange,SR241-N,3,Mainline,N,8333
1216067,33.68325,-117.675368,12,Orange,SR241-N,3,Mainline,N,8334
1209567,33.688336,-117.681661,12,Orange,SR241-N,3,Mainline,N,8335
1216070,33.689253,-117.682992,12,Orange,SR241-N,3,Mainline,N,8336
1215823,33.694263,-117.690124,12,Orange,SR241-N,3,Mainline,N,8337
1211204,33.697044,-117.695163,12,Orange,SR241-N,4,Mainline,N,8338
1211218,33.699076,-117.699355,12,Orange,SR241-N,3,Mainline,N,8339
1211236,33.702783,-117.707184,12,Orange,SR241-N,3,Mainline,N,8340
1211248,33.70568,-117.713171,12,Orange,SR241-N,4,Mainline,N,8341
1215987,33.705999,-117.713947,12,Orange,SR241-N,4,Mainline,N,8342
1211264,33.707439,-117.716523,12,Orange,SR241-N,3,Mainline,N,8343
1211276,33.709384,-117.718562,12,Orange,SR241-N,2,Mainline,N,8344
1211285,33.714309,-117.720349,12,Orange,SR241-N,2,Mainline,N,8345
1211296,33.718783,-117.719917,12,Orange,SR241-N,2,Mainline,N,8346
1216118,33.720239,-117.719726,12,Orange,SR241-N,2,Mainline,N,8347
1211309,33.723299,-117.719302,12,Orange,SR241-N,4,Mainline,N,8348
1211317,33.728406,-117.71867,12,Orange,SR241-N,3,Mainline,N,8349
1211325,33.73351,-117.718013,12,Orange,SR241-N,3,Mainline,N,8350
1211334,33.737751,-117.71751,12,Orange,SR241-N,3,Mainline,N,8351
1211343,33.741266,-117.717935,12,Orange,SR241-N,3,Mainline,N,8352
1211352,33.746087,-117.720909,12,Orange,SR241-N,3,Mainline,N,8353
1211360,33.749247,-117.725783,12,Orange,SR241-N,3,Mainline,N,8354
1211368,33.751905,-117.730214,12,Orange,SR241-N,3,Mainline,N,8355
1211378,33.756276,-117.732601,12,Orange,SR241-N,3,Mainline,N,8356
1216161,33.757747,-117.732661,12,Orange,SR241-N,3,Mainline,N,8357
1211387,33.76201,-117.732107,12,Orange,SR241-N,3,Mainline,N,8358
1216170,33.763475,-117.732264,12,Orange,SR241-N,3,Mainline,N,8359
1211395,33.766355,-117.733568,12,Orange,SR241-N,2,Mainline,N,8360
1211490,33.770424,-117.738882,12,Orange,SR241-N,3,Mainline,N,8361
1211499,33.774559,-117.744897,12,Orange,SR241-N,2,Mainline,N,8362
1211509,33.780001,-117.747616,12,Orange,SR241-N,2,Mainline,N,8363
1211560,33.785685,-117.745126,12,Orange,SR241-N,2,Mainline,N,8364
1211574,33.788286,-117.741766,12,Orange,SR241-N,2,Mainline,N,8365
1211585,33.791626,-117.736347,12,Orange,SR241-N,3,Mainline,N,8366
1216210,33.792513,-117.734929,12,Orange,SR241-N,3,Mainline,N,8367
1211424,33.794622,-117.731726,12,Orange,SR241-N,3,Mainline,N,8368
1211433,33.798225,-117.72693,12,Orange,SR241-N,3,Mainline,N,8369
1211445,33.803371,-117.724852,12,Orange,SR241-N,4,Mainline,N,8370
1211451,33.808431,-117.722969,12,Orange,SR241-N,4,Mainline,N,8371
1211461,33.813341,-117.719677,12,Orange,SR241-N,4,Mainline,N,8372
1211471,33.818484,-117.717431,12,Orange,SR241-N,4,Mainline,N,8373
1211515,33.824439,-117.715964,12,Orange,SR241-N,3,Mainline,N,8374
1211528,33.829413,-117.716485,12,Orange,SR241-N,3,Mainline,N,8375
1211535,33.832975,-117.717081,12,Orange,SR241-N,3,Mainline,N,8376
1211550,33.839984,-117.717671,12,Orange,SR241-N,4,Mainline,N,8377
1211628,33.844639,-117.716931,12,Orange,SR241-N,4,Mainline,N,8378
1211626,33.850422,-117.71672,12,Orange,SR241-N,4,Mainline,N,8379
1211624,33.856526,-117.716773,12,Orange,SR241-N,4,Mainline,N,8380
1216081,33.861991,-117.716374,12,Orange,SR241-N,4,Mainline,N,8381
1218990,33.633478,-117.599491,12,Orange,SR241-S,2,Mainline,S,8382
1216040,33.634852,-117.600017,12,Orange,SR241-S,2,Mainline,S,8383
1209548,33.640172,-117.602781,12,Orange,SR241-S,2,Mainline,S,8384
1209578,33.646855,-117.606132,12,Orange,SR241-S,3,Mainline,S,8385
1209586,33.651498,-117.612415,12,Orange,SR241-S,2,Mainline,S,8386
1209594,33.653076,-117.620208,12,Orange,SR241-S,2,Mainline,S,8387
1216001,33.653645,-117.621818,12,Orange,SR241-S,2,Mainline,S,8388
1209615,33.657968,-117.632465,12,Orange,SR241-S,2,Mainline,S,8389
1216006,33.667139,-117.649531,12,Orange,SR241-S,2,Mainline,S,8390
1209674,33.669094,-117.654243,12,Orange,SR241-S,2,Mainline,S,8391
1209684,33.67261,-117.663291,12,Orange,SR241-S,3,Mainline,S,8392
1216049,33.673218,-117.664862,12,Orange,SR241-S,3,Mainline,S,8393
1209622,33.673843,-117.666424,12,Orange,SR241-S,3,Mainline,S,8394
1209632,33.677298,-117.671674,12,Orange,SR241-S,3,Mainline,S,8395
1216018,33.678496,-117.672636,12,Orange,SR241-S,3,Mainline,S,8396
1209646,33.681564,-117.674584,12,Orange,SR241-S,3,Mainline,S,8397
1216068,33.682914,-117.675593,12,Orange,SR241-S,3,Mainline,S,8398
1209568,33.688049,-117.681883,12,Orange,SR241-S,3,Mainline,S,8399
1216077,33.68898,-117.683211,12,Orange,SR241-S,3,Mainline,S,8400
1215822,33.694005,-117.690369,12,Orange,SR241-S,3,Mainline,S,8401
1211206,33.696803,-117.695456,12,Orange,SR241-S,3,Mainline,S,8402
1211221,33.698857,-117.699698,12,Orange,SR241-S,3,Mainline,S,8403
1211229,33.700961,-117.704109,12,Orange,SR241-S,3,Mainline,S,8404
1211247,33.705538,-117.71368,12,Orange,SR241-S,4,Mainline,S,8405
1215986,33.705842,-117.714477,12,Orange,SR241-S,4,Mainline,S,8406
1211266,33.707275,-117.717092,12,Orange,SR241-S,4,Mainline,S,8407
1211278,33.709292,-117.719081,12,Orange,SR241-S,2,Mainline,S,8408
1211286,33.714276,-117.720884,12,Orange,SR241-S,2,Mainline,S,8409
1211298,33.718798,-117.72046,12,Orange,SR241-S,2,Mainline,S,8410
1216119,33.720259,-117.72027,12,Orange,SR241-S,2,Mainline,S,8411
1211310,33.723287,-117.719567,12,Orange,SR241-S,3,Mainline,S,8412
1211318,33.728394,-117.718803,12,Orange,SR241-S,2,Mainline,S,8413
1211326,33.733511,-117.71813,12,Orange,SR241-S,2,Mainline,S,8414
1211335,33.73777,-117.717633,12,Orange,SR241-S,2,Mainline,S,8415
1211344,33.741319,-117.718081,12,Orange,SR241-S,2,Mainline,S,8416
1211353,33.746148,-117.721164,12,Orange,SR241-S,2,Mainline,S,8417
1211361,33.74929,-117.726132,12,Orange,SR241-S,2,Mainline,S,8418
1211369,33.752046,-117.730537,12,Orange,SR241-S,2,Mainline,S,8419
1211379,33.756517,-117.732805,12,Orange,SR241-S,3,Mainline,S,8420
1216162,33.758005,-117.7328,12,Orange,SR241-S,3,Mainline,S,8421
1211388,33.762314,-117.732284,12,Orange,SR241-S,3,Mainline,S,8422
1216171,33.763785,-117.732531,12,Orange,SR241-S,3,Mainline,S,8423
1211396,33.766637,-117.734012,12,Orange,SR241-S,3,Mainline,S,8424
1211491,33.770618,-117.739531,12,Orange,SR241-S,3,Mainline,S,8425
1211501,33.774682,-117.745706,12,Orange,SR241-S,3,Mainline,S,8426
1211510,33.780289,-117.7482,12,Orange,SR241-S,2,Mainline,S,8427
1211562,33.786034,-117.745698,12,Orange,SR241-S,2,Mainline,S,8428
1211575,33.788553,-117.74219,12,Orange,SR241-S,3,Mainline,S,8429
1211586,33.791961,-117.73675,12,Orange,SR241-S,3,Mainline,S,8430
1216211,33.792829,-117.735293,12,Orange,SR241-S,3,Mainline,S,8431
1211425,33.794954,-117.732055,12,Orange,SR241-S,3,Mainline,S,8432
1211434,33.798558,-117.727285,12,Orange,SR241-S,3,Mainline,S,8433
1211444,33.803726,-117.725304,12,Orange,SR241-S,3,Mainline,S,8434
1211455,33.808747,-117.72335,12,Orange,SR241-S,3,Mainline,S,8435
1211465,33.81365,-117.720094,12,Orange,SR241-S,3,Mainline,S,8436
1211475,33.818768,-117.71784,12,Orange,SR241-S,4,Mainline,S,8437
1211522,33.824805,-117.717155,12,Orange,SR241-S,3,Mainline,S,8438
1211531,33.829789,-117.717224,12,Orange,SR241-S,3,Mainline,S,8439
1211539,33.83428,-117.717841,12,Orange,SR241-S,3,Mainline,S,8440
1211634,33.840335,-117.718159,12,Orange,SR241-S,4,Mainline,S,8441
1211629,33.844965,-117.717372,12,Orange,SR241-S,4,Mainline,S,8442
1211627,33.850729,-117.717261,12,Orange,SR241-S,4,Mainline,S,8443
1211625,33.856811,-117.717346,12,Orange,SR241-S,4,Mainline,S,8444
1211410,33.862266,-117.717429,12,Orange,SR241-S,5,Mainline,S,8445
1212281,33.712252,-117.800349,12,Orange,SR261-N,3,Mainline,N,8446
1212292,33.715376,-117.797696,12,Orange,SR261-N,2,Mainline,N,8447
1212303,33.717083,-117.795181,12,Orange,SR261-N,3,Mainline,N,8448
1212310,33.720342,-117.789435,12,Orange,SR261-N,2,Mainline,N,8449
1212320,33.72367,-117.782735,12,Orange,SR261-N,2,Mainline,N,8450
1212333,33.727564,-117.777645,12,Orange,SR261-N,2,Mainline,N,8451
1212347,33.733387,-117.772751,12,Orange,SR261-N,1,Mainline,N,8452
1212362,33.738979,-117.768065,12,Orange,SR261-N,3,Mainline,N,8453
1212372,33.74498,-117.765231,12,Orange,SR261-N,3,Mainline,N,8454
1212382,33.749991,-117.764319,12,Orange,SR261-N,3,Mainline,N,8455
1212390,33.754,-117.763603,12,Orange,SR261-N,3,Mainline,N,8456
1212398,33.758685,-117.76135,12,Orange,SR261-N,3,Mainline,N,8457
1212405,33.762966,-117.759099,12,Orange,SR261-N,3,Mainline,N,8458
1212414,33.766351,-117.758414,12,Orange,SR261-N,3,Mainline,N,8459
1212423,33.769642,-117.75831,12,Orange,SR261-N,3,Mainline,N,8460
1212431,33.77449,-117.757935,12,Orange,SR261-N,3,Mainline,N,8461
1212441,33.779145,-117.75497,12,Orange,SR261-N,3,Mainline,N,8462
1212282,33.7124,-117.800638,12,Orange,SR261-S,2,Mainline,S,8463
1212302,33.717315,-117.795434,12,Orange,SR261-S,2,Mainline,S,8464
1212311,33.720604,-117.789693,12,Orange,SR261-S,2,Mainline,S,8465
1212319,33.723902,-117.782999,12,Orange,SR261-S,2,Mainline,S,8466
1212336,33.727725,-117.777924,12,Orange,SR261-S,3,Mainline,S,8467
1212348,33.733529,-117.773023,12,Orange,SR261-S,1,Mainline,S,8468
1212359,33.739132,-117.768378,12,Orange,SR261-S,2,Mainline,S,8469
1212374,33.745156,-117.765643,12,Orange,SR261-S,2,Mainline,S,8470
1212383,33.750147,-117.764687,12,Orange,SR261-S,2,Mainline,S,8471
1212391,33.754147,-117.763983,12,Orange,SR261-S,2,Mainline,S,8472
1212407,33.758827,-117.761762,12,Orange,SR261-S,2,Mainline,S,8473
1212406,33.763114,-117.759498,12,Orange,SR261-S,2,Mainline,S,8474
1212415,33.766516,-117.758825,12,Orange,SR261-S,2,Mainline,S,8475
1212424,33.769824,-117.758692,12,Orange,SR261-S,2,Mainline,S,8476
1212432,33.7747,-117.758346,12,Orange,SR261-S,2,Mainline,S,8477
1212443,33.779357,-117.75529,12,Orange,SR261-S,2,Mainline,S,8478
1211066,33.646486,-117.741156,12,Orange,I405-N,3,Mainline,N,8479
1201100,33.64809,-117.746598,12,Orange,I405-N,5,Mainline,N,8480
1201125,33.648958,-117.74955,12,Orange,I405-N,6,Mainline,N,8481
1209092,33.651141,-117.757101,12,Orange,I405-N,5,Mainline,N,8482
1209162,33.652204,-117.763194,12,Orange,I405-N,6,Mainline,N,8483
1209176,33.65368,-117.770173,12,Orange,I405-N,5,Mainline,N,8484
1213963,33.657928,-117.777952,12,Orange,I405-N,4,Mainline,N,8485
1201159,33.659163,-117.780107,12,Orange,I405-N,5,Mainline,N,8486
1209059,33.661319,-117.784046,12,Orange,I405-N,5,Mainline,N,8487
1201185,33.663379,-117.793258,12,Orange,I405-N,4,Mainline,N,8488
1201211,33.663798,-117.796176,12,Orange,I405-N,4,Mainline,N,8489
1201222,33.666407,-117.812902,12,Orange,I405-N,4,Mainline,N,8490
1209076,33.66659,-117.813561,12,Orange,I405-N,4,Mainline,N,8491
1201254,33.669218,-117.821657,12,Orange,I405-N,4,Mainline,N,8492
1201283,33.670291,-117.824699,12,Orange,I405-N,5,Mainline,N,8493
1201298,33.672851,-117.832271,12,Orange,I405-N,5,Mainline,N,8494
1201333,33.676465,-117.842488,12,Orange,I405-N,5,Mainline,N,8495
1201365,33.677945,-117.845871,12,Orange,I405-N,5,Mainline,N,8496
1201399,33.682442,-117.85598,12,Orange,I405-N,5,Mainline,N,8497
1209204,33.686072,-117.864081,12,Orange,I405-N,6,Mainline,N,8498
1201430,33.686795,-117.866348,12,Orange,I405-N,4,Mainline,N,8499
1214212,33.687449,-117.871466,12,Orange,I405-N,4,Mainline,N,8500
1214238,33.687519,-117.880139,12,Orange,I405-N,4,Mainline,N,8501
1201453,33.687523,-117.884653,12,Orange,I405-N,4,Mainline,N,8502
1201481,33.687523,-117.887956,12,Orange,I405-N,5,Mainline,N,8503
1214080,33.687569,-117.8923,12,Orange,I405-N,5,Mainline,N,8504
1221768,33.687626,-117.894037,12,Orange,I405-N,5,Mainline,N,8505
1201510,33.688017,-117.909664,12,Orange,I405-N,6,Mainline,N,8506
1221434,33.688281,-117.915651,12,Orange,I405-N,6,Mainline,N,8507
1201541,33.688872,-117.918196,12,Orange,I405-N,6,Mainline,N,8508
1213650,33.690091,-117.921335,12,Orange,I405-N,6,Mainline,N,8509
1209243,33.693692,-117.930032,12,Orange,I405-N,6,Mainline,N,8510
1221451,33.697258,-117.938594,12,Orange,I405-N,5,Mainline,N,8511
1201606,33.69816,-117.940729,12,Orange,I405-N,5,Mainline,N,8512
1221470,33.699916,-117.94495,12,Orange,I405-N,5,Mainline,N,8513
1201637,33.704947,-117.953701,12,Orange,I405-N,4,Mainline,N,8514
1201671,33.707312,-117.956518,12,Orange,I405-N,4,Mainline,N,8515
1221482,33.71347,-117.963904,12,Orange,I405-N,4,Mainline,N,8516
1201705,33.716027,-117.966959,12,Orange,I405-N,4,Mainline,N,8517
1201735,33.719628,-117.971245,12,Orange,I405-N,4,Mainline,N,8518
1201751,33.721879,-117.973953,12,Orange,I405-N,4,Mainline,N,8519
1221496,33.724553,-117.977379,12,Orange,I405-N,5,Mainline,N,8520
1221508,33.727931,-117.982268,12,Orange,I405-N,4,Mainline,N,8521
1201787,33.732527,-117.988885,12,Orange,I405-N,4,Mainline,N,8522
1201823,33.734759,-117.992088,12,Orange,I405-N,4,Mainline,N,8523
1201853,33.746378,-118.00667,12,Orange,I405-N,4,Mainline,N,8524
1221313,33.754349,-118.016167,12,Orange,I405-N,4,Mainline,N,8525
1201899,33.759918,-118.022852,12,Orange,I405-N,4,Mainline,N,8526
1221329,33.763926,-118.027646,12,Orange,I405-N,4,Mainline,N,8527
1221346,33.771206,-118.036355,12,Orange,I405-N,4,Mainline,N,8528
1221367,33.774701,-118.046955,12,Orange,I405-N,6,Mainline,N,8529
1221388,33.774476,-118.055894,12,Orange,I405-N,6,Mainline,N,8530
1221410,33.774467,-118.062183,12,Orange,I405-N,6,Mainline,N,8531
1201959,33.774552,-118.073325,12,Orange,I405-N,6,Mainline,N,8532
1221516,33.774547,-118.079243,12,Orange,I405-N,6,Mainline,N,8533
1221530,33.774562,-118.083569,12,Orange,I405-N,5,Mainline,N,8534
1221543,33.778827,-118.089745,12,Orange,I405-N,5,Mainline,N,8535
1221562,33.782868,-118.090872,12,Orange,I405-N,4,Mainline,N,8536
1201118,33.646186,-117.741301,12,Orange,I405-S,5,Mainline,S,8537
1201087,33.647015,-117.744091,12,Orange,I405-S,5,Mainline,S,8538
1201112,33.64795,-117.747203,12,Orange,I405-S,4,Mainline,S,8539
1209091,33.650789,-117.757205,12,Orange,I405-S,4,Mainline,S,8540
1209161,33.651837,-117.763315,12,Orange,I405-S,4,Mainline,S,8541
1209178,33.653346,-117.770361,12,Orange,I405-S,4,Mainline,S,8542
1201145,33.657534,-117.778085,12,Orange,I405-S,4,Mainline,S,8543
1209189,33.660957,-117.784273,12,Orange,I405-S,5,Mainline,S,8544
1201171,33.66293,-117.793047,12,Orange,I405-S,4,Mainline,S,8545
1201197,33.663404,-117.796283,12,Orange,I405-S,4,Mainline,S,8546
1201217,33.666093,-117.81298,12,Orange,I405-S,4,Mainline,S,8547
1209070,33.666292,-117.813632,12,Orange,I405-S,4,Mainline,S,8548
1201240,33.668738,-117.820882,12,Orange,I405-S,5,Mainline,S,8549
1201270,33.669737,-117.823958,12,Orange,I405-S,5,Mainline,S,8550
1201292,33.672571,-117.832329,12,Orange,I405-S,6,Mainline,S,8551
1201315,33.675863,-117.84179,12,Orange,I405-S,6,Mainline,S,8552
1201350,33.677283,-117.845019,12,Orange,I405-S,6,Mainline,S,8553
1201382,33.681922,-117.855449,12,Orange,I405-S,5,Mainline,S,8554
1201406,33.685751,-117.86423,12,Orange,I405-S,6,Mainline,S,8555
1201419,33.686517,-117.866474,12,Orange,I405-S,5,Mainline,S,8556
1221737,33.684931,-117.87444,12,Orange,I405-S,4,Mainline,S,8557
1201410,33.687245,-117.875063,12,Orange,I405-S,4,Mainline,S,8558
1214209,33.687254,-117.880276,12,Orange,I405-S,6,Mainline,S,8559
1201469,33.687251,-117.88618,12,Orange,I405-S,5,Mainline,S,8560
1214081,33.687337,-117.892435,12,Orange,I405-S,4,Mainline,S,8561
1201497,33.68748,-117.899035,12,Orange,I405-S,5,Mainline,S,8562
1201525,33.687942,-117.915002,12,Orange,I405-S,6,Mainline,S,8563
1201558,33.689212,-117.91995,12,Orange,I405-S,5,Mainline,S,8564
1221442,33.689396,-117.92042,12,Orange,I405-S,6,Mainline,S,8565
1209241,33.693448,-117.930222,12,Orange,I405-S,6,Mainline,S,8566
1201589,33.695653,-117.9355,12,Orange,I405-S,5,Mainline,S,8567
1221449,33.696514,-117.937506,12,Orange,I405-S,5,Mainline,S,8568
1221463,33.699731,-117.94515,12,Orange,I405-S,5,Mainline,S,8569
1201620,33.700854,-117.947913,12,Orange,I405-S,5,Mainline,S,8570
1201653,33.705479,-117.954762,12,Orange,I405-S,4,Mainline,S,8571
1221476,33.712977,-117.963712,12,Orange,I405-S,4,Mainline,S,8572
1201687,33.714839,-117.965935,12,Orange,I405-S,4,Mainline,S,8573
1201719,33.71936,-117.971343,12,Orange,I405-S,4,Mainline,S,8574
1221489,33.724961,-117.978434,12,Orange,I405-S,5,Mainline,S,8575
1201767,33.72995,-117.98561,12,Orange,I405-S,5,Mainline,S,8576
1201805,33.733102,-117.990146,12,Orange,I405-S,4,Mainline,S,8577
1221502,33.736657,-117.995139,12,Orange,I405-S,5,Mainline,S,8578
1201839,33.743534,-118.003642,12,Orange,I405-S,4,Mainline,S,8579
1201867,33.7468,-118.007585,12,Orange,I405-S,4,Mainline,S,8580
1221304,33.754062,-118.016295,12,Orange,I405-S,5,Mainline,S,8581
1201883,33.757778,-118.020707,12,Orange,I405-S,4,Mainline,S,8582
1221321,33.763839,-118.02796,12,Orange,I405-S,4,Mainline,S,8583
1221337,33.770948,-118.036509,12,Orange,I405-S,4,Mainline,S,8584
1201911,33.77403,-118.041297,12,Orange,I405-S,4,Mainline,S,8585
1221356,33.774412,-118.047045,12,Orange,I405-S,7,Mainline,S,8586
1221378,33.774204,-118.055374,12,Orange,I405-S,6,Mainline,S,8587
1221399,33.77419,-118.061407,12,Orange,I405-S,6,Mainline,S,8588
1201941,33.774257,-118.073289,12,Orange,I405-S,6,Mainline,S,8589
1221523,33.77433,-118.083008,12,Orange,I405-S,7,Mainline,S,8590
1221550,33.774743,-118.085896,12,Orange,I405-S,5,Mainline,S,8591
1221536,33.778783,-118.090036,12,Orange,I405-S,4,Mainline,S,8592
1221556,33.782664,-118.091096,12,Orange,I405-S,4,Mainline,S,8593
1219551,33.799174,-118.084562,12,Orange,I605-N,5,Mainline,N,8594
1202527,33.80097,-118.082822,12,Orange,I605-N,4,Mainline,N,8595
1202549,33.804853,-118.081293,12,Orange,I605-N,4,Mainline,N,8596
1219560,33.799259,-118.084891,12,Orange,I605-S,5,Mainline,S,8597
1202522,33.80104,-118.083136,12,Orange,I605-S,4,Mainline,S,8598
1202537,33.804047,-118.081675,12,Orange,I605-S,4,Mainline,S,8599
